-- PostgreSQL version converted from MySQL dump: df121396-dda1-4172-8121-514bf1a129ae.sql
-- Original database: mugood_things
-- Notes:
-- 1) MySQL AUTO_INCREMENT is converted to GENERATED BY DEFAULT AS IDENTITY.
-- 2) MySQL ON UPDATE CURRENT_TIMESTAMP is implemented with PostgreSQL triggers on updated_at.
-- 3) Foreign keys are added after data import to avoid MySQL dump ordering issues.

SET client_encoding = 'UTF8';
SET standard_conforming_strings = on;

BEGIN;

DROP TABLE IF EXISTS "admin", "banner", "brand", "cart_item", "category", "category_goods_recommend", "goods", "goods_picture", "goods_property", "home_recommend", "order_sku", "orders", "payment", "sku", "sku_spec_value", "spec", "spec_value", "user", "user_address" CASCADE;


-- Table definitions

CREATE TABLE "admin" (
  "id" BIGINT GENERATED BY DEFAULT AS IDENTITY NOT NULL,
  "account" VARCHAR(64) NOT NULL,
  "password_hash" VARCHAR(255) NOT NULL,
  "nickname" VARCHAR(64) DEFAULT NULL,
  "avatar" VARCHAR(512) DEFAULT NULL,
  "mobile" VARCHAR(32) DEFAULT NULL,
  "email" VARCHAR(128) DEFAULT NULL,
  "role" VARCHAR(32) NOT NULL DEFAULT 'admin',
  "status" SMALLINT NOT NULL DEFAULT 1,
  "last_login_at" TIMESTAMP DEFAULT NULL,
  "created_at" TIMESTAMP NOT NULL DEFAULT CURRENT_TIMESTAMP,
  "updated_at" TIMESTAMP NOT NULL DEFAULT CURRENT_TIMESTAMP,
  PRIMARY KEY ("id"),
  CONSTRAINT "uk_admin_account" UNIQUE ("account"),
  CONSTRAINT "uk_admin_mobile" UNIQUE ("mobile")
);

CREATE TABLE "banner" (
  "id" BIGINT GENERATED BY DEFAULT AS IDENTITY NOT NULL,
  "img_url" VARCHAR(512) NOT NULL,
  "href_url" VARCHAR(512) DEFAULT NULL,
  "distribution_site" SMALLINT NOT NULL DEFAULT 1,
  "title" VARCHAR(255) DEFAULT NULL,
  "sort_order" INTEGER NOT NULL DEFAULT 0,
  "status" SMALLINT NOT NULL DEFAULT 1,
  "created_at" TIMESTAMP NOT NULL DEFAULT CURRENT_TIMESTAMP,
  "updated_at" TIMESTAMP NOT NULL DEFAULT CURRENT_TIMESTAMP,
  PRIMARY KEY ("id")
);

CREATE TABLE "brand" (
  "id" BIGINT GENERATED BY DEFAULT AS IDENTITY NOT NULL,
  "name" VARCHAR(128) NOT NULL,
  "logo" VARCHAR(512) DEFAULT NULL,
  "description" VARCHAR(512) DEFAULT NULL,
  "sort_order" INTEGER NOT NULL DEFAULT 0,
  "status" SMALLINT NOT NULL DEFAULT 1,
  "created_at" TIMESTAMP NOT NULL DEFAULT CURRENT_TIMESTAMP,
  "updated_at" TIMESTAMP NOT NULL DEFAULT CURRENT_TIMESTAMP,
  PRIMARY KEY ("id")
);

CREATE TABLE "cart_item" (
  "id" BIGINT GENERATED BY DEFAULT AS IDENTITY NOT NULL,
  "user_id" BIGINT NOT NULL,
  "goods_id" BIGINT NOT NULL,
  "sku_id" BIGINT NOT NULL,
  "count" INTEGER NOT NULL DEFAULT 1,
  "selected" SMALLINT NOT NULL DEFAULT 1,
  "created_at" TIMESTAMP NOT NULL DEFAULT CURRENT_TIMESTAMP,
  "updated_at" TIMESTAMP NOT NULL DEFAULT CURRENT_TIMESTAMP,
  PRIMARY KEY ("id"),
  CONSTRAINT "uk_cart_user_sku" UNIQUE ("user_id","sku_id")
);

CREATE TABLE "category" (
  "id" BIGINT GENERATED BY DEFAULT AS IDENTITY NOT NULL,
  "parent_id" BIGINT DEFAULT NULL,
  "name" VARCHAR(128) NOT NULL,
  "picture" VARCHAR(512) DEFAULT NULL,
  "sale_info" VARCHAR(255) DEFAULT NULL,
  "level" SMALLINT NOT NULL DEFAULT 1,
  "sort_order" INTEGER NOT NULL DEFAULT 0,
  "status" SMALLINT NOT NULL DEFAULT 1,
  "created_at" TIMESTAMP NOT NULL DEFAULT CURRENT_TIMESTAMP,
  "updated_at" TIMESTAMP NOT NULL DEFAULT CURRENT_TIMESTAMP,
  PRIMARY KEY ("id")
);

CREATE TABLE "category_goods_recommend" (
  "id" BIGINT GENERATED BY DEFAULT AS IDENTITY NOT NULL,
  "category_id" BIGINT NOT NULL,
  "goods_id" BIGINT NOT NULL,
  "scene" VARCHAR(32) NOT NULL DEFAULT 'category',
  "sort_order" INTEGER NOT NULL DEFAULT 0,
  PRIMARY KEY ("id"),
  CONSTRAINT "uk_category_goods_scene" UNIQUE ("category_id","goods_id","scene")
);

CREATE TABLE "goods" (
  "id" BIGINT GENERATED BY DEFAULT AS IDENTITY NOT NULL,
  "category_id" BIGINT NOT NULL,
  "brand_id" BIGINT DEFAULT NULL,
  "name" VARCHAR(255) NOT NULL,
  "description" VARCHAR(512) DEFAULT NULL,
  "price" NUMERIC(10,2) NOT NULL DEFAULT 0.00,
  "old_price" NUMERIC(10,2) DEFAULT NULL,
  "main_picture" VARCHAR(512) DEFAULT NULL,
  "sales_count" INTEGER NOT NULL DEFAULT 0,
  "comment_count" INTEGER NOT NULL DEFAULT 0,
  "collect_count" INTEGER NOT NULL DEFAULT 0,
  "order_num" INTEGER NOT NULL DEFAULT 0,
  "evaluate_num" INTEGER NOT NULL DEFAULT 0,
  "inventory" INTEGER NOT NULL DEFAULT 0,
  "is_new" SMALLINT NOT NULL DEFAULT 0,
  "is_hot" SMALLINT NOT NULL DEFAULT 0,
  "publish_time" TIMESTAMP NOT NULL DEFAULT CURRENT_TIMESTAMP,
  "status" SMALLINT NOT NULL DEFAULT 1,
  "created_at" TIMESTAMP NOT NULL DEFAULT CURRENT_TIMESTAMP,
  "updated_at" TIMESTAMP NOT NULL DEFAULT CURRENT_TIMESTAMP,
  PRIMARY KEY ("id")
);

CREATE TABLE "goods_picture" (
  "id" BIGINT GENERATED BY DEFAULT AS IDENTITY NOT NULL,
  "goods_id" BIGINT NOT NULL,
  "picture_url" VARCHAR(512) NOT NULL,
  "picture_type" SMALLINT NOT NULL DEFAULT 1,
  "sort_order" INTEGER NOT NULL DEFAULT 0,
  PRIMARY KEY ("id")
);

CREATE TABLE "goods_property" (
  "id" BIGINT GENERATED BY DEFAULT AS IDENTITY NOT NULL,
  "goods_id" BIGINT NOT NULL,
  "name" VARCHAR(128) NOT NULL,
  "value" VARCHAR(255) NOT NULL,
  "sort_order" INTEGER NOT NULL DEFAULT 0,
  PRIMARY KEY ("id")
);

CREATE TABLE "home_recommend" (
  "id" BIGINT GENERATED BY DEFAULT AS IDENTITY NOT NULL,
  "recommend_type" VARCHAR(32) NOT NULL,
  "title" VARCHAR(128) DEFAULT NULL,
  "alt" VARCHAR(255) DEFAULT NULL,
  "picture" VARCHAR(512) DEFAULT NULL,
  "goods_id" BIGINT DEFAULT NULL,
  "category_id" BIGINT DEFAULT NULL,
  "sort_order" INTEGER NOT NULL DEFAULT 0,
  "status" SMALLINT NOT NULL DEFAULT 1,
  "created_at" TIMESTAMP NOT NULL DEFAULT CURRENT_TIMESTAMP,
  "updated_at" TIMESTAMP NOT NULL DEFAULT CURRENT_TIMESTAMP,
  PRIMARY KEY ("id")
);

CREATE TABLE "order_sku" (
  "id" BIGINT GENERATED BY DEFAULT AS IDENTITY NOT NULL,
  "order_id" BIGINT NOT NULL,
  "goods_id" BIGINT NOT NULL,
  "sku_id" BIGINT NOT NULL,
  "name" VARCHAR(255) NOT NULL,
  "image" VARCHAR(512) DEFAULT NULL,
  "attrs_text" VARCHAR(512) DEFAULT NULL,
  "price" NUMERIC(10,2) NOT NULL DEFAULT 0.00,
  "real_pay" NUMERIC(10,2) NOT NULL DEFAULT 0.00,
  "quantity" INTEGER NOT NULL DEFAULT 1,
  "total_price" NUMERIC(10,2) NOT NULL DEFAULT 0.00,
  "total_pay_price" NUMERIC(10,2) NOT NULL DEFAULT 0.00,
  "created_at" TIMESTAMP NOT NULL DEFAULT CURRENT_TIMESTAMP,
  PRIMARY KEY ("id")
);

CREATE TABLE "orders" (
  "id" BIGINT GENERATED BY DEFAULT AS IDENTITY NOT NULL,
  "order_no" VARCHAR(64) NOT NULL,
  "user_id" BIGINT NOT NULL,
  "address_id" BIGINT DEFAULT NULL,
  "receiver" VARCHAR(64) NOT NULL,
  "contact" VARCHAR(32) NOT NULL,
  "full_location" VARCHAR(255) NOT NULL,
  "address" VARCHAR(255) NOT NULL,
  "goods_count" INTEGER NOT NULL DEFAULT 0,
  "total_price" NUMERIC(10,2) NOT NULL DEFAULT 0.00,
  "post_fee" NUMERIC(10,2) NOT NULL DEFAULT 0.00,
  "total_pay_price" NUMERIC(10,2) NOT NULL DEFAULT 0.00,
  "pay_money" NUMERIC(10,2) NOT NULL DEFAULT 0.00,
  "delivery_time_type" SMALLINT NOT NULL DEFAULT 1,
  "pay_type" SMALLINT NOT NULL DEFAULT 1,
  "pay_channel" SMALLINT NOT NULL DEFAULT 1,
  "buyer_message" VARCHAR(512) DEFAULT NULL,
  "order_state" SMALLINT NOT NULL DEFAULT 1,
  "countdown" INTEGER DEFAULT NULL,
  "pay_deadline" TIMESTAMP DEFAULT NULL,
  "paid_at" TIMESTAMP DEFAULT NULL,
  "shipped_at" TIMESTAMP DEFAULT NULL,
  "received_at" TIMESTAMP DEFAULT NULL,
  "canceled_at" TIMESTAMP DEFAULT NULL,
  "created_at" TIMESTAMP NOT NULL DEFAULT CURRENT_TIMESTAMP,
  "updated_at" TIMESTAMP NOT NULL DEFAULT CURRENT_TIMESTAMP,
  PRIMARY KEY ("id"),
  CONSTRAINT "uk_orders_order_no" UNIQUE ("order_no")
);

CREATE TABLE "payment" (
  "id" BIGINT GENERATED BY DEFAULT AS IDENTITY NOT NULL,
  "order_id" BIGINT NOT NULL,
  "payment_no" VARCHAR(128) DEFAULT NULL,
  "pay_channel" SMALLINT NOT NULL DEFAULT 1,
  "amount" NUMERIC(10,2) NOT NULL DEFAULT 0.00,
  "pay_result" SMALLINT NOT NULL DEFAULT 0,
  "paid_at" TIMESTAMP DEFAULT NULL,
  "callback_payload" JSONB DEFAULT NULL,
  "created_at" TIMESTAMP NOT NULL DEFAULT CURRENT_TIMESTAMP,
  "updated_at" TIMESTAMP NOT NULL DEFAULT CURRENT_TIMESTAMP,
  PRIMARY KEY ("id")
);

CREATE TABLE "sku" (
  "id" BIGINT GENERATED BY DEFAULT AS IDENTITY NOT NULL,
  "goods_id" BIGINT NOT NULL,
  "sku_code" VARCHAR(128) DEFAULT NULL,
  "price" NUMERIC(10,2) NOT NULL DEFAULT 0.00,
  "old_price" NUMERIC(10,2) DEFAULT NULL,
  "inventory" INTEGER NOT NULL DEFAULT 0,
  "picture" VARCHAR(512) DEFAULT NULL,
  "status" SMALLINT NOT NULL DEFAULT 1,
  "created_at" TIMESTAMP NOT NULL DEFAULT CURRENT_TIMESTAMP,
  "updated_at" TIMESTAMP NOT NULL DEFAULT CURRENT_TIMESTAMP,
  PRIMARY KEY ("id"),
  CONSTRAINT "uk_sku_code" UNIQUE ("sku_code")
);

CREATE TABLE "sku_spec_value" (
  "sku_id" BIGINT NOT NULL,
  "spec_id" BIGINT NOT NULL,
  "spec_name" VARCHAR(128) NOT NULL,
  "spec_value_id" BIGINT NOT NULL,
  "value_name" VARCHAR(128) NOT NULL,
  PRIMARY KEY ("sku_id","spec_id")
);

CREATE TABLE "spec" (
  "id" BIGINT GENERATED BY DEFAULT AS IDENTITY NOT NULL,
  "goods_id" BIGINT NOT NULL,
  "name" VARCHAR(128) NOT NULL,
  "sort_order" INTEGER NOT NULL DEFAULT 0,
  PRIMARY KEY ("id")
);

CREATE TABLE "spec_value" (
  "id" BIGINT GENERATED BY DEFAULT AS IDENTITY NOT NULL,
  "spec_id" BIGINT NOT NULL,
  "name" VARCHAR(128) NOT NULL,
  "picture" VARCHAR(512) DEFAULT NULL,
  "sort_order" INTEGER NOT NULL DEFAULT 0,
  PRIMARY KEY ("id")
);

CREATE TABLE "user" (
  "id" BIGINT GENERATED BY DEFAULT AS IDENTITY NOT NULL,
  "account" VARCHAR(64) NOT NULL,
  "password_hash" VARCHAR(255) NOT NULL,
  "nickname" VARCHAR(64) DEFAULT NULL,
  "avatar" VARCHAR(512) DEFAULT NULL,
  "mobile" VARCHAR(32) DEFAULT NULL,
  "email" VARCHAR(128) DEFAULT NULL,
  "gender" SMALLINT NOT NULL DEFAULT 0,
  "status" SMALLINT NOT NULL DEFAULT 1,
  "created_at" TIMESTAMP NOT NULL DEFAULT CURRENT_TIMESTAMP,
  "updated_at" TIMESTAMP NOT NULL DEFAULT CURRENT_TIMESTAMP,
  PRIMARY KEY ("id"),
  CONSTRAINT "uk_user_account" UNIQUE ("account"),
  CONSTRAINT "uk_user_mobile" UNIQUE ("mobile")
);

CREATE TABLE "user_address" (
  "id" BIGINT GENERATED BY DEFAULT AS IDENTITY NOT NULL,
  "user_id" BIGINT NOT NULL,
  "receiver" VARCHAR(64) NOT NULL,
  "contact" VARCHAR(32) NOT NULL,
  "province_code" VARCHAR(32) DEFAULT NULL,
  "city_code" VARCHAR(32) DEFAULT NULL,
  "county_code" VARCHAR(32) DEFAULT NULL,
  "full_location" VARCHAR(255) NOT NULL,
  "address" VARCHAR(255) NOT NULL,
  "postal_code" VARCHAR(32) DEFAULT NULL,
  "is_default" SMALLINT NOT NULL DEFAULT 1,
  "created_at" TIMESTAMP NOT NULL DEFAULT CURRENT_TIMESTAMP,
  "updated_at" TIMESTAMP NOT NULL DEFAULT CURRENT_TIMESTAMP,
  PRIMARY KEY ("id")
);


-- Comments

COMMENT ON TABLE "admin" IS 'Backend administrators';

COMMENT ON COLUMN "admin"."id" IS 'Admin ID';

COMMENT ON COLUMN "admin"."account" IS 'Login account';

COMMENT ON COLUMN "admin"."password_hash" IS 'Password hash or demo password';

COMMENT ON COLUMN "admin"."nickname" IS 'Admin nickname';

COMMENT ON COLUMN "admin"."avatar" IS 'Avatar URL';

COMMENT ON COLUMN "admin"."mobile" IS 'Mobile phone';

COMMENT ON COLUMN "admin"."email" IS 'Email';

COMMENT ON COLUMN "admin"."role" IS 'Role code';

COMMENT ON COLUMN "admin"."status" IS '1 enabled, 0 disabled';

COMMENT ON COLUMN "admin"."last_login_at" IS 'Last login time';

COMMENT ON TABLE "banner" IS 'Home and category banners';

COMMENT ON COLUMN "banner"."img_url" IS 'Banner image URL';

COMMENT ON COLUMN "banner"."href_url" IS 'Click target URL';

COMMENT ON COLUMN "banner"."distribution_site" IS 'Frontend distributionSite';

COMMENT ON TABLE "brand" IS 'Goods brands';

COMMENT ON COLUMN "brand"."id" IS 'Brand ID';

COMMENT ON COLUMN "brand"."name" IS 'Brand name';

COMMENT ON COLUMN "brand"."logo" IS 'Brand logo URL';

COMMENT ON COLUMN "brand"."description" IS 'Brand description';

COMMENT ON TABLE "cart_item" IS 'Shopping cart items';

COMMENT ON COLUMN "cart_item"."selected" IS '1 selected, 0 unselected';

COMMENT ON TABLE "category" IS 'Product categories';

COMMENT ON COLUMN "category"."id" IS 'Category ID';

COMMENT ON COLUMN "category"."parent_id" IS 'Parent category ID';

COMMENT ON COLUMN "category"."name" IS 'Category name';

COMMENT ON COLUMN "category"."picture" IS 'Category image URL';

COMMENT ON COLUMN "category"."sale_info" IS 'Home panel sale text';

COMMENT ON COLUMN "category"."level" IS 'Category level';

COMMENT ON TABLE "category_goods_recommend" IS 'Recommended goods by category or scene';

COMMENT ON COLUMN "category_goods_recommend"."scene" IS 'category, head, relevant, hot24, hotWeek';

COMMENT ON TABLE "goods" IS 'Goods SPU';

COMMENT ON COLUMN "goods"."id" IS 'Goods ID';

COMMENT ON COLUMN "goods"."category_id" IS 'Leaf category ID';

COMMENT ON COLUMN "goods"."brand_id" IS 'Brand ID';

COMMENT ON COLUMN "goods"."name" IS 'Goods name';

COMMENT ON COLUMN "goods"."description" IS 'Short description';

COMMENT ON COLUMN "goods"."price" IS 'Sale price';

COMMENT ON COLUMN "goods"."old_price" IS 'Original price';

COMMENT ON COLUMN "goods"."main_picture" IS 'Primary picture URL';

COMMENT ON COLUMN "goods"."sales_count" IS 'Sales count';

COMMENT ON COLUMN "goods"."comment_count" IS 'Comment count';

COMMENT ON COLUMN "goods"."collect_count" IS 'Collect count';

COMMENT ON COLUMN "goods"."order_num" IS 'Popularity/order metric';

COMMENT ON COLUMN "goods"."evaluate_num" IS 'Evaluate metric';

COMMENT ON COLUMN "goods"."inventory" IS 'Total inventory';

COMMENT ON COLUMN "goods"."is_new" IS 'Shown in home new goods';

COMMENT ON COLUMN "goods"."is_hot" IS 'Shown in hot goods';

COMMENT ON COLUMN "goods"."publish_time" IS 'Publish time';

COMMENT ON COLUMN "goods"."status" IS '1 on sale, 0 off sale';

COMMENT ON TABLE "goods_picture" IS 'Goods carousel and detail pictures';

COMMENT ON COLUMN "goods_picture"."picture_type" IS '1 main carousel, 2 detail picture';

COMMENT ON TABLE "goods_property" IS 'Goods detail properties';

COMMENT ON COLUMN "goods_property"."name" IS 'Property name';

COMMENT ON COLUMN "goods_property"."value" IS 'Property value';

COMMENT ON TABLE "home_recommend" IS 'Home new/hot/product recommendations';

COMMENT ON COLUMN "home_recommend"."recommend_type" IS 'new, hot, product';

COMMENT ON TABLE "order_sku" IS 'Order goods snapshots';

COMMENT ON TABLE "orders" IS 'Member orders';

COMMENT ON COLUMN "orders"."order_no" IS 'Order number shown to user';

COMMENT ON COLUMN "orders"."order_state" IS '1 unpaid, 2 undelivered, 3 unreceived, 4 uncommented, 5 completed, 6 canceled';

COMMENT ON COLUMN "orders"."countdown" IS 'Remaining pay seconds';

COMMENT ON TABLE "payment" IS 'Payment records';

COMMENT ON COLUMN "payment"."payment_no" IS 'External payment number';

COMMENT ON COLUMN "payment"."pay_channel" IS '1 alipay, 2 wechat, 3 bank';

COMMENT ON COLUMN "payment"."pay_result" IS '0 pending, 1 success, 2 failed';

COMMENT ON TABLE "sku" IS 'Goods SKU';

COMMENT ON COLUMN "sku"."sku_code" IS 'SKU code';

COMMENT ON TABLE "sku_spec_value" IS 'SKU selected spec values';

COMMENT ON TABLE "spec" IS 'Goods specification groups';

COMMENT ON COLUMN "spec"."name" IS 'Spec name, such as color or size';

COMMENT ON TABLE "spec_value" IS 'Goods specification values';

COMMENT ON COLUMN "spec_value"."name" IS 'Spec value';

COMMENT ON COLUMN "spec_value"."picture" IS 'Optional picture for value';

COMMENT ON TABLE "user" IS 'Member users';

COMMENT ON COLUMN "user"."id" IS 'User ID';

COMMENT ON COLUMN "user"."account" IS 'Login account';

COMMENT ON COLUMN "user"."password_hash" IS 'Password hash';

COMMENT ON COLUMN "user"."nickname" IS 'Nickname';

COMMENT ON COLUMN "user"."avatar" IS 'Avatar URL';

COMMENT ON COLUMN "user"."mobile" IS 'Mobile phone';

COMMENT ON COLUMN "user"."email" IS 'Email';

COMMENT ON COLUMN "user"."gender" IS '0 unknown, 1 male, 2 female';

COMMENT ON COLUMN "user"."status" IS '1 enabled, 0 disabled';

COMMENT ON TABLE "user_address" IS 'User shipping addresses';

COMMENT ON COLUMN "user_address"."id" IS 'Address ID';

COMMENT ON COLUMN "user_address"."user_id" IS 'User ID';

COMMENT ON COLUMN "user_address"."receiver" IS 'Receiver name';

COMMENT ON COLUMN "user_address"."contact" IS 'Receiver phone';

COMMENT ON COLUMN "user_address"."full_location" IS 'Province city county text';

COMMENT ON COLUMN "user_address"."address" IS 'Detailed address';

COMMENT ON COLUMN "user_address"."is_default" IS '0 default, 1 normal; follows frontend API';


-- Data

INSERT INTO "admin" VALUES (1,'admin','123456','超级管理员','http://localhost:8080/uploads/admin/default-avatar.png','13900000000','admin@fresh-rabbit.local','super_admin',1,'2026-06-09 10:04:20','2026-06-08 17:41:31','2026-06-09 10:04:20');

INSERT INTO "banner" VALUES (1,'http://localhost:8080/uploads/2026-06-08/e5ff4c70c89b406c8137fb75b71f05e9.png','/category/100',1,'居家焕新季',1,1,'2026-06-08 10:02:24','2026-06-08 14:48:14'),(2,'http://localhost:8080/uploads/2026-06-08/f749c86861ac4dd8bfad94a1cf37ba42.png','/category/200',1,'新鲜美食节',2,1,'2026-06-08 10:02:24','2026-06-08 14:48:19'),(3,'http://localhost:8080/uploads/2026-06-08/2a4a21dd67a3401dacf788eaf979b9d7.png','/category/300',2,'基础穿搭精选',1,1,'2026-06-08 10:02:24','2026-06-08 14:48:24');

INSERT INTO "brand" VALUES (1,'沐好物','https://yjy-xiaotuxian-dev.oss-cn-beijing.aliyuncs.com/logo.png','沐好物自营品牌',1,1,'2026-06-08 10:02:24','2026-06-08 18:02:05'),(2,'Bear Living','https://yjy-xiaotuxian-dev.oss-cn-beijing.aliyuncs.com/brand/bear.png','舒适家居生活品牌',2,1,'2026-06-08 10:02:24','2026-06-08 10:02:24'),(3,'Green Farm','https://yjy-xiaotuxian-dev.oss-cn-beijing.aliyuncs.com/brand/farm.png','产地直供生鲜品牌',3,1,'2026-06-08 10:02:24','2026-06-08 10:02:24');

INSERT INTO "cart_item" VALUES (3,2,3001,33002,1,0,'2026-06-08 10:02:24','2026-06-08 10:02:24');

INSERT INTO "category" VALUES (100,NULL,'居家','http://localhost:8080/uploads/2026-06-08/ec8dc3f401c44d3a8812a63c3cece83f.png','',1,1,1,'2026-06-08 10:02:24','2026-06-08 14:16:15'),(101,100,'床品件套','http://localhost:8080/uploads/2026-06-08/6039426dfed14606a0c5ae8db1a5b28f.png','',2,1,1,'2026-06-08 10:02:24','2026-06-08 14:55:37'),(102,100,'收纳清洁','http://localhost:8080/uploads/2026-06-08/d6c1f5fcf69f4ccbb84cef7c954c0353.png','',2,2,1,'2026-06-08 10:02:24','2026-06-08 14:55:45'),(200,NULL,'美食','http://localhost:8080/uploads/2026-06-08/eee364c204d04825a06c2d32e3173b70.png','',1,2,1,'2026-06-08 10:02:24','2026-06-08 14:16:22'),(201,200,'水果鲜食','http://localhost:8080/uploads/2026-06-08/f89cda9ff33b4a0699d42ec5832cfeee.png','',2,1,1,'2026-06-08 10:02:24','2026-06-08 14:55:50'),(202,200,'休闲零食','http://localhost:8080/uploads/2026-06-08/7fdef05b1f4e4771b445895abeb4550c.png','',2,2,1,'2026-06-08 10:02:24','2026-06-08 14:55:55'),(300,NULL,'服饰','http://localhost:8080/uploads/2026-06-08/2e411f40932547b49daac0678fcd351d.png','',1,3,1,'2026-06-08 10:02:24','2026-06-08 14:16:35'),(301,300,'基础内搭','http://localhost:8080/uploads/2026-06-08/d035662629684812acc993604c921e5a.png','',2,1,1,'2026-06-08 10:02:24','2026-06-08 14:55:59');

INSERT INTO "category_goods_recommend" VALUES (1,100,1001,'category',1),(2,100,1002,'category',2),(3,200,2001,'category',1),(4,300,3001,'category',1),(5,101,1001,'hot24',1),(6,101,1002,'hotWeek',1),(7,201,2001,'hot24',1),(8,301,3001,'hotWeek',1);

INSERT INTO "goods" VALUES (1001,101,2,'A 类全棉四件套','柔软亲肤，四季可用',299.00,399.00,'http://localhost:8080/uploads/2026-06-08/9738d2571c73424b82aff46e8cdb7559.png',1280,246,520,950,246,180,1,1,'2026-05-20 10:00:00',1,'2026-06-08 10:02:24','2026-06-08 15:38:41'),(1002,102,1,'透明分格收纳箱','可叠放设计，衣物玩具都能装',79.00,99.00,'http://localhost:8080/uploads/2026-06-08/fb7a8b90962d428da90778dac6c398b9.png',860,118,240,730,118,360,1,0,'2026-05-26 10:00:00',1,'2026-06-08 10:02:24','2026-06-08 13:47:24'),(2001,201,3,'云南高山蓝莓 4 盒装','产地直发，酸甜多汁',59.90,79.90,'http://localhost:8080/uploads/2026-06-08/c7a930ad81534b719e7517b9eb91cd7a.png',2100,521,980,1800,521,500,1,1,'2026-06-01 09:00:00',1,'2026-06-08 10:02:24','2026-06-08 13:47:18'),(3001,301,1,'纯棉圆领短袖 T 恤','基础百搭，透气舒适',89.00,129.00,'http://localhost:8080/uploads/2026-06-08/75b3099fc1574df9a9cfcc7eded62b13.png',680,96,210,620,96,260,0,1,'2026-05-18 14:30:00',1,'2026-06-08 10:02:24','2026-06-09 10:07:09');

INSERT INTO "goods_picture" VALUES (4,1002,'http://localhost:8080/uploads/2026-06-08/fb7a8b90962d428da90778dac6c398b9.png',1,1),(5,1002,'http://localhost:8080/uploads/2026-06-08/fb7a8b90962d428da90778dac6c398b9.png',2,1),(6,2001,'http://localhost:8080/uploads/2026-06-08/c7a930ad81534b719e7517b9eb91cd7a.png',1,1),(7,2001,'http://localhost:8080/uploads/2026-06-08/c7a930ad81534b719e7517b9eb91cd7a.png',2,1),(10,1001,'http://localhost:8080/uploads/2026-06-08/9738d2571c73424b82aff46e8cdb7559.png',1,2),(11,1001,'http://localhost:8080/uploads/2026-06-08/9738d2571c73424b82aff46e8cdb7559.png',1,2),(12,1001,'http://localhost:8080/uploads/2026-06-08/9738d2571c73424b82aff46e8cdb7559.png',2,1),(19,3001,'http://localhost:8080/uploads/2026-06-08/75b3099fc1574df9a9cfcc7eded62b13.png',1,1),(20,3001,'http://localhost:8080/uploads/2026-06-08/75b3099fc1574df9a9cfcc7eded62b13.png',2,1);

INSERT INTO "goods_property" VALUES (3,1002,'材质','食品级 PP',1),(4,1002,'容量','24L',2),(5,2001,'产地','云南',1),(6,2001,'保质期','冷藏 5 天',2),(9,1001,'面料','100% 棉',1),(10,1001,'规格','被套 200x230cm，床单 245x250cm',2),(17,3001,'面料','精梳棉',1),(18,3001,'版型','标准版',2);

INSERT INTO "home_recommend" VALUES (1,'new','A 类全棉四件套','新品首发','https://yjy-xiaotuxian-dev.oss-cn-beijing.aliyuncs.com/goods/bedding-1.jpg',1001,NULL,1,1,'2026-06-08 10:02:24','2026-06-08 10:02:24'),(2,'new','云南高山蓝莓 4 盒装','产地直发','https://yjy-xiaotuxian-dev.oss-cn-beijing.aliyuncs.com/goods/blueberry-1.jpg',2001,NULL,2,1,'2026-06-08 10:02:24','2026-06-08 10:02:24'),(3,'hot','人气床品','柔软亲肤','https://yjy-xiaotuxian-dev.oss-cn-beijing.aliyuncs.com/goods/bedding-1.jpg',1001,NULL,1,1,'2026-06-08 10:02:24','2026-06-08 10:02:24'),(4,'hot','新鲜蓝莓','酸甜多汁','https://yjy-xiaotuxian-dev.oss-cn-beijing.aliyuncs.com/goods/blueberry-1.jpg',2001,NULL,2,1,'2026-06-08 10:02:24','2026-06-08 10:02:24'),(5,'product','居家','温暖日用','https://yjy-xiaotuxian-dev.oss-cn-beijing.aliyuncs.com/category/home-cover.jpg',NULL,100,1,1,'2026-06-08 10:02:24','2026-06-08 10:02:24'),(6,'product','美食','新鲜到家','https://yjy-xiaotuxian-dev.oss-cn-beijing.aliyuncs.com/category/food-cover.jpg',NULL,200,2,1,'2026-06-08 10:02:24','2026-06-08 10:02:24');

INSERT INTO "order_sku" VALUES (7,6,1001,11001,'A 类全棉四件套','http://localhost:8080/uploads/2026-06-08/9738d2571c73424b82aff46e8cdb7559.png','颜色: 晨雾灰 尺寸: 1.5 米床',299.00,299.00,1,299.00,299.00,'2026-06-08 14:39:04'),(8,7,1002,12001,'透明分格收纳箱','http://localhost:8080/uploads/2026-06-08/fb7a8b90962d428da90778dac6c398b9.png','颜色: 透明',79.00,79.00,1,79.00,79.00,'2026-06-08 18:02:40'),(9,8,2001,22001,'云南高山蓝莓 4 盒装','http://localhost:8080/uploads/2026-06-08/c7a930ad81534b719e7517b9eb91cd7a.png','规格: 4 盒装',59.90,59.90,1,59.90,59.90,'2026-06-09 09:54:51'),(10,8,1002,12001,'透明分格收纳箱','http://localhost:8080/uploads/2026-06-08/fb7a8b90962d428da90778dac6c398b9.png','颜色: 透明',79.00,79.00,1,79.00,79.00,'2026-06-09 09:54:51'),(11,9,1002,12001,'透明分格收纳箱','http://localhost:8080/uploads/2026-06-08/fb7a8b90962d428da90778dac6c398b9.png','颜色: 透明',79.00,79.00,1,79.00,79.00,'2026-06-09 10:23:47'),(12,9,2001,22001,'云南高山蓝莓 4 盒装','http://localhost:8080/uploads/2026-06-08/c7a930ad81534b719e7517b9eb91cd7a.png','规格: 4 盒装',59.90,59.90,1,59.90,59.90,'2026-06-09 10:23:47');

INSERT INTO "orders" VALUES (6,'FR1780900744476',1,1,'张三','13800000001','北京市 北京市 朝阳区','望京街道 88 号 Fresh Rabbit 大厦',1,299.00,0.00,299.00,299.00,1,1,1,'1',3,1800,'2026-06-08 15:09:04','2026-06-08 14:39:06','2026-06-09 10:24:04',NULL,NULL,'2026-06-08 14:39:04','2026-06-09 10:24:04'),(7,'FR1780912960144',1,2,'李四','13900000001','上海市 上海市 徐汇区','漕溪北路 18 号',1,79.00,10.00,89.00,89.00,1,1,1,'1',3,1800,'2026-06-08 18:32:40','2026-06-08 18:02:44','2026-06-09 10:24:04',NULL,NULL,'2026-06-08 18:02:40','2026-06-09 10:24:04'),(8,'FR1780970091558',1,1,'张三','13800000001','北京市 北京市 朝阳区','望京街道 88 号 Fresh Rabbit 大厦',2,138.90,0.00,138.90,138.90,1,1,1,'1',3,1800,'2026-06-09 10:24:51','2026-06-09 09:54:53','2026-06-09 10:24:03',NULL,NULL,'2026-06-09 09:54:51','2026-06-09 10:24:03'),(9,'FR1780971827747',1,1,'张三','13800000001','北京市 北京市 朝阳区','望京街道 88 号 Fresh Rabbit 大厦',2,138.90,0.00,138.90,138.90,1,1,1,'1',3,1800,'2026-06-09 10:53:47','2026-06-09 10:23:48','2026-06-09 10:24:01',NULL,NULL,'2026-06-09 10:23:47','2026-06-09 10:24:01');

INSERT INTO "sku" VALUES (11001,1001,'ARCHIVED-11001-BEDDING-GRAY-150',299.00,399.00,180,'http://localhost:8080/uploads/2026-06-08/9738d2571c73424b82aff46e8cdb7559.png',0,'2026-06-08 10:02:24','2026-06-08 15:38:41'),(12001,1002,'STORAGE-CLEAR',79.00,99.00,360,'http://localhost:8080/uploads/2026-06-08/fb7a8b90962d428da90778dac6c398b9.png',1,'2026-06-08 10:02:24','2026-06-08 13:47:24'),(12002,1002,'STORAGE-BROWN',79.00,99.00,360,'http://localhost:8080/uploads/2026-06-08/fb7a8b90962d428da90778dac6c398b9.png',1,'2026-06-08 10:02:24','2026-06-08 13:47:24'),(22001,2001,'BLUEBERRY-4',59.90,79.90,500,'http://localhost:8080/uploads/2026-06-08/c7a930ad81534b719e7517b9eb91cd7a.png',1,'2026-06-08 10:02:24','2026-06-08 13:47:18'),(22002,2001,'BLUEBERRY-8',59.90,79.90,500,'http://localhost:8080/uploads/2026-06-08/c7a930ad81534b719e7517b9eb91cd7a.png',1,'2026-06-08 10:02:24','2026-06-08 13:47:18'),(33002,3001,'ARCHIVED-33002-TSHIRT-NAVY-L',89.00,129.00,260,'http://localhost:8080/uploads/2026-06-08/75b3099fc1574df9a9cfcc7eded62b13.png',0,'2026-06-08 10:02:24','2026-06-08 15:54:15'),(33003,1001,'BEDDING-GRAY-150',299.00,399.00,180,'http://localhost:8080/uploads/2026-06-08/9738d2571c73424b82aff46e8cdb7559.png',1,'2026-06-08 15:38:41','2026-06-08 15:38:41'),(33004,1001,'BEDDING-GRAY-180',299.00,399.00,180,'http://localhost:8080/uploads/2026-06-08/9738d2571c73424b82aff46e8cdb7559.png',1,'2026-06-08 15:38:41','2026-06-08 15:38:41'),(33005,1001,'BEDDING-WHITE-150',299.00,399.00,180,'http://localhost:8080/uploads/2026-06-08/9738d2571c73424b82aff46e8cdb7559.png',1,'2026-06-08 15:38:41','2026-06-08 15:38:41'),(33012,3001,'GOODS-3001-1',89.00,129.00,260,'http://localhost:8080/uploads/2026-06-08/9738d2571c73424b82aff46e8cdb7559.png',1,'2026-06-09 10:07:09','2026-06-09 10:07:09'),(33013,3001,'GOODS-3001-2',89.00,129.00,260,'http://localhost:8080/uploads/2026-06-08/9738d2571c73424b82aff46e8cdb7559.png',1,'2026-06-09 10:07:09','2026-06-09 10:07:09'),(33014,3001,'GOODS-3001-3',89.00,129.00,260,'http://localhost:8080/uploads/2026-06-08/9738d2571c73424b82aff46e8cdb7559.png',1,'2026-06-09 10:07:09','2026-06-09 10:07:09');

INSERT INTO "sku_spec_value" VALUES (12001,3,'颜色',5,'透明'),(12002,3,'颜色',6,'茶色'),(22001,4,'规格',7,'4 盒装'),(22002,4,'规格',8,'8 盒装'),(33003,7,'颜色',13,'晨雾灰'),(33003,8,'尺寸',15,'1.5 米床'),(33004,7,'颜色',13,'晨雾灰'),(33004,8,'尺寸',16,'1.8 米床'),(33005,7,'颜色',14,'奶油白'),(33005,8,'尺寸',15,'1.5 米床'),(33012,15,'颜色',30,'白色'),(33012,16,'尺码',32,'M'),(33013,15,'颜色',30,'白色'),(33013,16,'尺码',33,'L'),(33014,15,'颜色',30,'白色'),(33014,16,'尺码',34,'XL');

INSERT INTO "spec" VALUES (3,1002,'颜色',1),(4,2001,'规格',1),(7,1001,'颜色',1),(8,1001,'尺寸',2),(15,3001,'颜色',1),(16,3001,'尺码',2);

INSERT INTO "spec_value" VALUES (5,3,'透明','https://yjy-xiaotuxian-dev.oss-cn-beijing.aliyuncs.com/goods/storage-clear.jpg',1),(6,3,'茶色','https://yjy-xiaotuxian-dev.oss-cn-beijing.aliyuncs.com/goods/storage-brown.jpg',2),(7,4,'4 盒装',NULL,1),(8,4,'8 盒装',NULL,2),(13,7,'晨雾灰','http://localhost:8080/uploads/2026-06-08/9738d2571c73424b82aff46e8cdb7559.png',1),(14,7,'奶油白','http://localhost:8080/uploads/2026-06-08/9738d2571c73424b82aff46e8cdb7559.png',2),(15,8,'1.5 米床','',1),(16,8,'1.8 米床','',2),(30,15,'白色','http://localhost:8080/uploads/2026-06-08/9738d2571c73424b82aff46e8cdb7559.png',1),(31,15,'藏青','http://localhost:8080/uploads/2026-06-08/dc8b83ace5124e3998f129d9aef65f46.png',2),(32,16,'M','',1),(33,16,'L','',2),(34,16,'XL','',3);

INSERT INTO "user" VALUES (1,'QING','sha256$05bdfc32ac336db9da7f763b75215e1a$3e05875765b55d00ed0953330e9ee09e050686dfdb36ad67fe727ef15f7093fd','小清','https://yjy-xiaotuxian-dev.oss-cn-beijing.aliyuncs.com/avatar/default.png','13800000001','qing290@example.com',0,1,'2026-06-08 10:02:24','2026-06-08 17:51:37'),(2,'ZHI','$2a$10$demo.hash.for.rabbit001','栀子花','https://yjy-xiaotuxian-dev.oss-cn-beijing.aliyuncs.com/avatar/default.png','13800000002','zhi001@example.com',2,1,'2026-06-08 10:02:24','2026-06-08 14:25:57');

INSERT INTO "user_address" VALUES (1,1,'张三','13800000001','110000','110100','110105','北京市 北京市 朝阳区','望京街道 88 号 Fresh Rabbit 大厦','100102',0,'2026-06-08 10:02:24','2026-06-08 10:02:24'),(2,1,'李四','13900000001','310000','310100','310104','上海市 上海市 徐汇区','漕溪北路 18 号','200030',1,'2026-06-08 10:02:24','2026-06-08 10:02:24'),(3,2,'王五','13800000002','440000','440100','440106','广东省 广州市 天河区','体育西路 66 号','510620',0,'2026-06-08 10:02:24','2026-06-08 10:02:24');


-- Reset identity sequences after explicit imports

SELECT setval(pg_get_serial_sequence('"admin"', 'id'), COALESCE((SELECT MAX("id") FROM "admin"), 1), (SELECT COUNT(*) > 0 FROM "admin"));

SELECT setval(pg_get_serial_sequence('"banner"', 'id'), COALESCE((SELECT MAX("id") FROM "banner"), 1), (SELECT COUNT(*) > 0 FROM "banner"));

SELECT setval(pg_get_serial_sequence('"brand"', 'id'), COALESCE((SELECT MAX("id") FROM "brand"), 1), (SELECT COUNT(*) > 0 FROM "brand"));

SELECT setval(pg_get_serial_sequence('"cart_item"', 'id'), COALESCE((SELECT MAX("id") FROM "cart_item"), 1), (SELECT COUNT(*) > 0 FROM "cart_item"));

SELECT setval(pg_get_serial_sequence('"category"', 'id'), COALESCE((SELECT MAX("id") FROM "category"), 1), (SELECT COUNT(*) > 0 FROM "category"));

SELECT setval(pg_get_serial_sequence('"category_goods_recommend"', 'id'), COALESCE((SELECT MAX("id") FROM "category_goods_recommend"), 1), (SELECT COUNT(*) > 0 FROM "category_goods_recommend"));

SELECT setval(pg_get_serial_sequence('"goods"', 'id'), COALESCE((SELECT MAX("id") FROM "goods"), 1), (SELECT COUNT(*) > 0 FROM "goods"));

SELECT setval(pg_get_serial_sequence('"goods_picture"', 'id'), COALESCE((SELECT MAX("id") FROM "goods_picture"), 1), (SELECT COUNT(*) > 0 FROM "goods_picture"));

SELECT setval(pg_get_serial_sequence('"goods_property"', 'id'), COALESCE((SELECT MAX("id") FROM "goods_property"), 1), (SELECT COUNT(*) > 0 FROM "goods_property"));

SELECT setval(pg_get_serial_sequence('"home_recommend"', 'id'), COALESCE((SELECT MAX("id") FROM "home_recommend"), 1), (SELECT COUNT(*) > 0 FROM "home_recommend"));

SELECT setval(pg_get_serial_sequence('"order_sku"', 'id'), COALESCE((SELECT MAX("id") FROM "order_sku"), 1), (SELECT COUNT(*) > 0 FROM "order_sku"));

SELECT setval(pg_get_serial_sequence('"orders"', 'id'), COALESCE((SELECT MAX("id") FROM "orders"), 1), (SELECT COUNT(*) > 0 FROM "orders"));

SELECT setval(pg_get_serial_sequence('"payment"', 'id'), COALESCE((SELECT MAX("id") FROM "payment"), 1), (SELECT COUNT(*) > 0 FROM "payment"));

SELECT setval(pg_get_serial_sequence('"sku"', 'id'), COALESCE((SELECT MAX("id") FROM "sku"), 1), (SELECT COUNT(*) > 0 FROM "sku"));

SELECT setval(pg_get_serial_sequence('"spec"', 'id'), COALESCE((SELECT MAX("id") FROM "spec"), 1), (SELECT COUNT(*) > 0 FROM "spec"));

SELECT setval(pg_get_serial_sequence('"spec_value"', 'id'), COALESCE((SELECT MAX("id") FROM "spec_value"), 1), (SELECT COUNT(*) > 0 FROM "spec_value"));

SELECT setval(pg_get_serial_sequence('"user"', 'id'), COALESCE((SELECT MAX("id") FROM "user"), 1), (SELECT COUNT(*) > 0 FROM "user"));

SELECT setval(pg_get_serial_sequence('"user_address"', 'id'), COALESCE((SELECT MAX("id") FROM "user_address"), 1), (SELECT COUNT(*) > 0 FROM "user_address"));


-- Indexes

CREATE INDEX "idx_admin_status" ON "admin" ("status");

CREATE INDEX "idx_banner_site" ON "banner" ("distribution_site","sort_order");

CREATE INDEX "idx_brand_sort" ON "brand" ("sort_order");

CREATE INDEX "idx_cart_user_selected" ON "cart_item" ("user_id","selected");

CREATE INDEX "idx_cart_item_fk_cart_goods" ON "cart_item" ("goods_id");

CREATE INDEX "idx_cart_item_fk_cart_sku" ON "cart_item" ("sku_id");

CREATE INDEX "idx_category_parent" ON "category" ("parent_id");

CREATE INDEX "idx_category_sort" ON "category" ("sort_order");

CREATE INDEX "idx_category_goods_recommend_scene" ON "category_goods_recommend" ("scene","sort_order");

CREATE INDEX "idx_category_goods_recommend_fk_category_goods_rec_3b8483bb" ON "category_goods_recommend" ("goods_id");

CREATE INDEX "idx_goods_category" ON "goods" ("category_id");

CREATE INDEX "idx_goods_brand" ON "goods" ("brand_id");

CREATE INDEX "idx_goods_publish_time" ON "goods" ("publish_time");

CREATE INDEX "idx_goods_order_num" ON "goods" ("order_num");

CREATE INDEX "idx_goods_evaluate_num" ON "goods" ("evaluate_num");

CREATE INDEX "idx_goods_picture_goods" ON "goods_picture" ("goods_id","picture_type","sort_order");

CREATE INDEX "idx_goods_property_goods" ON "goods_property" ("goods_id","sort_order");

CREATE INDEX "idx_home_recommend_type" ON "home_recommend" ("recommend_type","sort_order");

CREATE INDEX "idx_home_recommend_goods" ON "home_recommend" ("goods_id");

CREATE INDEX "idx_home_recommend_category" ON "home_recommend" ("category_id");

CREATE INDEX "idx_order_sku_order" ON "order_sku" ("order_id");

CREATE INDEX "idx_order_sku_goods" ON "order_sku" ("goods_id");

CREATE INDEX "idx_order_sku_sku" ON "order_sku" ("sku_id");

CREATE INDEX "idx_orders_user_state" ON "orders" ("user_id","order_state","created_at");

CREATE INDEX "idx_orders_created_at" ON "orders" ("created_at");

CREATE INDEX "idx_orders_fk_orders_address" ON "orders" ("address_id");

CREATE INDEX "idx_payment_order" ON "payment" ("order_id");

CREATE INDEX "idx_payment_no" ON "payment" ("payment_no");

CREATE INDEX "idx_sku_goods" ON "sku" ("goods_id");

CREATE INDEX "idx_sku_spec_value_value" ON "sku_spec_value" ("spec_value_id");

CREATE INDEX "idx_sku_spec_value_fk_sku_spec_value_spec" ON "sku_spec_value" ("spec_id");

CREATE INDEX "idx_spec_goods" ON "spec" ("goods_id","sort_order");

CREATE INDEX "idx_spec_value_spec" ON "spec_value" ("spec_id","sort_order");

CREATE INDEX "idx_user_address_user" ON "user_address" ("user_id");


-- Foreign keys

ALTER TABLE "cart_item" ADD CONSTRAINT "fk_cart_goods" FOREIGN KEY ("goods_id") REFERENCES "goods" ("id");

ALTER TABLE "cart_item" ADD CONSTRAINT "fk_cart_sku" FOREIGN KEY ("sku_id") REFERENCES "sku" ("id");

ALTER TABLE "cart_item" ADD CONSTRAINT "fk_cart_user" FOREIGN KEY ("user_id") REFERENCES "user" ("id");

ALTER TABLE "category" ADD CONSTRAINT "fk_category_parent" FOREIGN KEY ("parent_id") REFERENCES "category" ("id");

ALTER TABLE "category_goods_recommend" ADD CONSTRAINT "fk_category_goods_recommend_category" FOREIGN KEY ("category_id") REFERENCES "category" ("id");

ALTER TABLE "category_goods_recommend" ADD CONSTRAINT "fk_category_goods_recommend_goods" FOREIGN KEY ("goods_id") REFERENCES "goods" ("id");

ALTER TABLE "goods" ADD CONSTRAINT "fk_goods_brand" FOREIGN KEY ("brand_id") REFERENCES "brand" ("id");

ALTER TABLE "goods" ADD CONSTRAINT "fk_goods_category" FOREIGN KEY ("category_id") REFERENCES "category" ("id");

ALTER TABLE "goods_picture" ADD CONSTRAINT "fk_goods_picture_goods" FOREIGN KEY ("goods_id") REFERENCES "goods" ("id");

ALTER TABLE "goods_property" ADD CONSTRAINT "fk_goods_property_goods" FOREIGN KEY ("goods_id") REFERENCES "goods" ("id");

ALTER TABLE "home_recommend" ADD CONSTRAINT "fk_home_recommend_category" FOREIGN KEY ("category_id") REFERENCES "category" ("id");

ALTER TABLE "home_recommend" ADD CONSTRAINT "fk_home_recommend_goods" FOREIGN KEY ("goods_id") REFERENCES "goods" ("id");

ALTER TABLE "order_sku" ADD CONSTRAINT "fk_order_sku_goods" FOREIGN KEY ("goods_id") REFERENCES "goods" ("id");

ALTER TABLE "order_sku" ADD CONSTRAINT "fk_order_sku_order" FOREIGN KEY ("order_id") REFERENCES "orders" ("id");

ALTER TABLE "order_sku" ADD CONSTRAINT "fk_order_sku_sku" FOREIGN KEY ("sku_id") REFERENCES "sku" ("id");

ALTER TABLE "orders" ADD CONSTRAINT "fk_orders_address" FOREIGN KEY ("address_id") REFERENCES "user_address" ("id");

ALTER TABLE "orders" ADD CONSTRAINT "fk_orders_user" FOREIGN KEY ("user_id") REFERENCES "user" ("id");

ALTER TABLE "payment" ADD CONSTRAINT "fk_payment_order" FOREIGN KEY ("order_id") REFERENCES "orders" ("id");

ALTER TABLE "sku" ADD CONSTRAINT "fk_sku_goods" FOREIGN KEY ("goods_id") REFERENCES "goods" ("id");

ALTER TABLE "sku_spec_value" ADD CONSTRAINT "fk_sku_spec_value_sku" FOREIGN KEY ("sku_id") REFERENCES "sku" ("id");

ALTER TABLE "sku_spec_value" ADD CONSTRAINT "fk_sku_spec_value_spec" FOREIGN KEY ("spec_id") REFERENCES "spec" ("id");

ALTER TABLE "sku_spec_value" ADD CONSTRAINT "fk_sku_spec_value_value" FOREIGN KEY ("spec_value_id") REFERENCES "spec_value" ("id");

ALTER TABLE "spec" ADD CONSTRAINT "fk_spec_goods" FOREIGN KEY ("goods_id") REFERENCES "goods" ("id");

ALTER TABLE "spec_value" ADD CONSTRAINT "fk_spec_value_spec" FOREIGN KEY ("spec_id") REFERENCES "spec" ("id");

ALTER TABLE "user_address" ADD CONSTRAINT "fk_user_address_user" FOREIGN KEY ("user_id") REFERENCES "user" ("id");


-- updated_at triggers

CREATE OR REPLACE FUNCTION public.set_updated_at()
RETURNS trigger AS $$
BEGIN
  NEW."updated_at" = CURRENT_TIMESTAMP;
  RETURN NEW;
END;
$$ LANGUAGE plpgsql;

CREATE TRIGGER "trg_admin_updated_at"
BEFORE UPDATE ON "admin"
FOR EACH ROW
EXECUTE FUNCTION public.set_updated_at();

CREATE TRIGGER "trg_banner_updated_at"
BEFORE UPDATE ON "banner"
FOR EACH ROW
EXECUTE FUNCTION public.set_updated_at();

CREATE TRIGGER "trg_brand_updated_at"
BEFORE UPDATE ON "brand"
FOR EACH ROW
EXECUTE FUNCTION public.set_updated_at();

CREATE TRIGGER "trg_cart_item_updated_at"
BEFORE UPDATE ON "cart_item"
FOR EACH ROW
EXECUTE FUNCTION public.set_updated_at();

CREATE TRIGGER "trg_category_updated_at"
BEFORE UPDATE ON "category"
FOR EACH ROW
EXECUTE FUNCTION public.set_updated_at();

CREATE TRIGGER "trg_goods_updated_at"
BEFORE UPDATE ON "goods"
FOR EACH ROW
EXECUTE FUNCTION public.set_updated_at();

CREATE TRIGGER "trg_home_recommend_updated_at"
BEFORE UPDATE ON "home_recommend"
FOR EACH ROW
EXECUTE FUNCTION public.set_updated_at();

CREATE TRIGGER "trg_orders_updated_at"
BEFORE UPDATE ON "orders"
FOR EACH ROW
EXECUTE FUNCTION public.set_updated_at();

CREATE TRIGGER "trg_payment_updated_at"
BEFORE UPDATE ON "payment"
FOR EACH ROW
EXECUTE FUNCTION public.set_updated_at();

CREATE TRIGGER "trg_sku_updated_at"
BEFORE UPDATE ON "sku"
FOR EACH ROW
EXECUTE FUNCTION public.set_updated_at();

CREATE TRIGGER "trg_user_updated_at"
BEFORE UPDATE ON "user"
FOR EACH ROW
EXECUTE FUNCTION public.set_updated_at();

CREATE TRIGGER "trg_user_address_updated_at"
BEFORE UPDATE ON "user_address"
FOR EACH ROW
EXECUTE FUNCTION public.set_updated_at();


COMMIT;
